comment,play,title,aid,length
3432,2012457,华农兄弟：受邀参加第十七届中国国际农产品交易会，很多好吃的，带大家看一下,76309064,03:51
4549,2222663,华农兄弟：小狗又胖了，狗妈妈又怀孕了，这下真的一地都是狗了,75794772,06:27
3951,2827430,华农兄弟：好久没吃肉了，刚好大婶养了好多鸡，抓一只来做叫花鸡,75667524,11:17
5463,2086728,华农兄弟：看一下我们家的脐橙熟了没有，顺便摘一点回去吃,75258947,07:30
3600,1820956,华农兄弟：捡点拐枣泡酒，路过兄弟家的玉米地，搞点来喂猪,75030623,08:30
3564,2082313,华农兄弟：把兄弟家的竹鼠，通通搬到我们新场房去，还有花竹鼠哦,74874916,05:44
3942,1793302,华农兄弟：隔壁老王家的柿子快熟了，摘点来尝一下，顺便再去摘点拿藤果,74576892,11:23
25693,2021045,华农兄弟：参观一下5000亩的赣南脐橙产业园，再找兄弟要一点点脐橙送粉丝,73661009,15:28
4301,1803305,华农兄弟：山上的一些野果熟了，叫上兄弟们一起去摘，边摘边吃,73522606,09:45
5782,2837886,华农兄弟：竹鼠和老鼠放一起会怎么样？上山抓只老鼠回来试一下,73410190,10:24
3961,1797192,华农兄弟：发现在路边好多青菜，摘点来吃，顺便再摘点黄豆和萝卜,73088813,05:37
2729,1805169,华农兄弟：帮房东把山上的小竹子砍掉，拿去喂我们家的竹鼠,73086298,06:27
2453,1688807,华农兄弟：场里的铁门烂了，我们用铁丝绑一下，避免小狗到处乱跑,71842624,03:11
2872,1797986,华农兄弟：看下写名字的拿藤果熟了没有，顺便摘点南瓜和玉米,71665707,07:37
4755,2196618,华农兄弟：摘2个西红柿尝一下，顺便摘点给小猪吃，再抓它称一下,71535433,07:12
5253,2401195,华农兄弟：兄弟家的鱼又跑出来了，我们去钓一下，顺便网一点来吃,71359004,09:51
2192,1562996,华农兄弟：带老弟上山砍竹子，顺便看一下山上的野果熟了没有,71125027,05:52
3963,2371149,华农兄弟：去河边搞了点沙子，叫老弟来炒烫皮，我来捉小猪称一下,70995454,10:49
5803,2873113,华农兄弟：老婆最近心情不好，摘点草珠子，做一串项链给她,70598636,07:13
3936,1751795,华农兄弟：挖点摄影小哥家的番薯来吃，红红的，看起来很好吃,70450734,07:03
5105,2044499,华农兄弟：搞点邻居大婶家的黄豆来吃，放点盐煮一煮，很嫩很好吃,70379199,06:08
3131,1759613,华农兄弟：去新场地做一些竹鼠池，顺便去旁边的小河看一下,70216245,04:54
5050,2743239,华农兄弟：狗子半岁了，抓来称一下，看有多重？,69935162,06:16
4117,2756041,华农兄弟：这只小香猪，胖得跟猪一样，其它都瘦了,69726730,03:20
4015,1729452,华农兄弟：出生10几天的小胖狗睁眼了，小肥猪已经到处跑了,49328879,08:04
5045,2297263,华农兄弟：带个小箩筐巡一下兄弟家的山，看有什么好吃的,49138794,03:26
3719,1571625,华农兄弟：拿一点兄弟家的红薯喂母猪，顺便称一下小猪崽多重了,49046667,05:26
4150,1844370,华农兄弟：称一下小狗狗多重，顺便看下小白跟西西，再给小粉发一个老婆,48762991,04:51
4536,1657137,华农兄弟：母猪生了9只可爱的小猪，弄点好吃的给它补一下,48332153,04:15
3777,1666384,华农兄弟：怀孕好几个月的香猪终于生了，一下生了9只小香猪,48227749,02:31
7044,2309814,华农兄弟：狗狗生了6只可爱的小狗，煮点猪肉给它吃,48146498,04:38
3680,1707658,华农兄弟：安置一下粉丝寄来的白色竹鼠，顺便看看小胖跟大胖它们,47993298,05:37
3736,2077718,华农兄弟：帮摄影小哥把板栗摘回去，顺便把南瓜也全部摘回去,69408894,05:36
3532,2874633,华农兄弟：最近想吃螃蟹，去小溪里放了2个地笼，收获还可以,69281480,05:44
2514,2516921,华农兄弟：外出几天，听说竹鼠小胖被宰了，我们去检查一下,69280463,03:31
4109,2488719,华农兄弟：山药带我们去摘野生猕猴桃，顺便摘了一点核桃,69165560,09:11
8042,4297544,华农兄弟：抓6只竹鼠去王刚跟山药家玩，尝一下他们烤竹鼠的厨艺,68974878,31:40
4130,2528303,华农兄弟：山上的南酸枣结了好多，我们去捡一点来吃,68009422,04:55
5674,1932001,华农兄弟：给竹鼠弄点米糠拌饭，把2只香猪吸引了过来,41872394,03:38
7809,4297054,华农兄弟：兄弟跟老婆打架受了一点内伤，挑2只竹鼠给他补一下,41137758,03:01
5316,1838753,华农兄弟：最近经常下雨，菜叶子很湿，搞点米糠拌饭给兔子吃,40819015,03:25
3532,789774,华农兄弟：竹鼠小白和小灰收到一套COS服，穿上后感觉还有点帅气,40589935,03:34
4118,2403678,华农兄弟：天冷给竹鼠喂点玉米粒，发现一只很凶的竹鼠，还想咬人,40526944,03:54
5139,1954140,华农兄弟：下雨打霜之后，山上的竹节果熟了，摘一点点来吃,40245148,03:55
7208,2626598,华农兄弟：去集市买了5只母兔子回来，给家里的公兔子发老婆,39915446,03:40
5615,2320585,华农兄弟：准备扩大竹鼠养殖规模，再租一个场地，带大家看一下,67684810,06:59
4354,2593147,华农兄弟：没菜吃了，摘点木槿花来煎，味道还不错哦,67181749,07:15
8973,3689703,华农兄弟：兄弟王刚来我们家玩，带他们去池塘里面抓点鱼,66947962,07:14
6896,2644444,华农兄弟：摘点摄影小哥家的板栗，顺便挑两个南瓜回去,66528456,05:47
3031,4659019,华农兄弟：这只鸭子喜欢到处乱跑，避免它被拐跑，只好把它烤了,31108494,04:42
1224,1329455,华农兄弟：公鼠又不够了，没办法，只好去兄弟家抓几只,31064920,02:38
844,618413,华农兄弟：竹鼠养殖经验分享，如何提高母鼠下崽成活率,31059656,03:37
1708,989765,华农兄弟：摘一点摄影小哥家的板栗来吃，用竹竿一打，掉的一地都是,31048496,03:50
1283,637425,华农兄弟：如何控制竹鼠摄入的水分？养了几年竹鼠的小哥教你一招,31011017,04:19
1322,923692,华农兄弟：上山摘野生杨梅，爬树上一摇，掉的一地都是,30998676,04:05
4787,2598340,华农兄弟：美食作家王刚到华农兄弟家，现场直播烤竹鼠,34171302,04:15
5290,2232115,华农兄弟：给抓回来的公鼠各发了一个老婆，看下它们会不会打架,34097727,03:34
4669,1452370,华农兄弟：铲竹鼠屎给象草施肥，把竹鼠吓得到处乱窜,33994592,03:45
8002,2269265,华农兄弟：家里的竹鼠又不够了，去兄弟家再抓一些回来,33528227,03:20
6055,2262122,华农兄弟：去看一下兄弟的竹鼠，听说生了3只很漂亮的小白鼠,33424164,02:50
8114,2306294,华农兄弟：兄弟家的油柿子结了好多，带个小袋子去摘点来吃,33226149,04:19
7061,2621512,华农兄弟：检查一下小竹鼠的生长情况，看把它们吓得，都抱成团了,33112678,02:36
7224,2558530,华农兄弟：这只公的竹鼠不带崽，没办法，只好把它烤了,57037657,09:19
88366,1811492,华农兄弟：隔壁省的大婶家三华李熟了，我们去摘一点送粉丝,56603855,03:30
5161,2572435,华农兄弟：天气太热，给竹鼠房的洒一下水，再看一下有没有中暑的,56505978,04:31
9547,2845763,华农兄弟：隔壁大叔养了很多蜜蜂，我们去看一下，顺便搞一点来吃,56337590,08:01
5398,2581733,华农兄弟：兄弟跟小母狗“感情破裂”，没办法，只好把它抓回来,56211528,04:25
4641,3115861,华农兄弟：抓了点黄鳝在小河边烤，这玩意越烤越香，很好吃哦,55815822,08:13
4452,2189904,华农兄弟：放了个地笼，装得全是小鱼，没办法，只好动用抽水机,55601348,07:04
2811,1597087,华农兄弟：出生2个多月的狗狗，称一下它们有多重，还不想配合,55400467,05:19
14963,2699441,华农兄弟：狗狗走丢了一只，用无人机去找一下，看能不能找到,47749169,03:24
5356,1556490,华农兄弟：提个小箩筐去河边摘点艾草，做好吃又漂亮的艾草果,47630319,09:13
5636,2230052,华农兄弟：兄弟家的鱼跑河里去了，帮他网回来，一网下去还不少,47211520,05:12
3558,1294399,华农兄弟：给竹鼠小胖发一个又大又肥的老婆，再去看看母猪下崽没,47006740,07:30
4371,1955256,华农兄弟：雨过天晴，上山采点椴木香菇来吃，味道还可以,46583181,07:22
3604,1743296,华农兄弟：砍点芒杆回去给竹鼠吃，一放去就抱着啃得唰唰响,46090726,04:49
5889,2328293,华农兄弟：上山挖点竹笋跟竹鼠一起炒，味道香脆可口，很好吃,45619713,11:30
7932,1733048,华农兄弟：看一下兄弟家的竹鼠，提在手上吓得全身僵硬，不敢动,45313302,06:01
3579,1015976,华农兄弟：2019年的田园生活，一年四季合集混剪,88743313,03:21
4175,1688586,华农兄弟：看一下小黑最肥的崽，还有其它小狗子，再去田里砍点包菜,88149130,06:19
5197,2363243,华农兄弟：去镇上买点菜，路过兄弟家的竹林，顺便挖点竹笋,86907243,03:57
7624,3928057,华农兄弟：看下兄弟家的甘蔗，顺便砍点来尝下，再去砍一把香蕉,85237199,06:09
7619,2579520,华农兄弟：狗子又生了12只小崽，带大家看一下，顺便抓只小公猪阉掉,84868325,06:39
6227,3811798,华农兄弟：这只竹鼠着凉了，没办法，只好跟山药一起炖了,39678770,04:32
5149,1596661,华农兄弟：今天天气比较好，带个小袋子去挖竹笋，收获还不错,39440409,03:12
4448,3318818,华农兄弟：试玩了一下粉丝做的游戏《竹鼠：活下去》，原来竹鼠活的这么惨,39235287,02:46
3872,1669852,华农兄弟：检查一下竹鼠有没有感冒，顺便抓几只来暖暖手,39009763,03:14
4427,2340418,华农兄弟：郭杰瑞来我们家做客，带他看看竹鼠，还有小兔子,38539802,05:17
5339,1802126,华农兄弟：天气变冷了，给西西瓜瓜，还有小兔子加点稻草,38326736,04:00
4516,2356211,华农兄弟：看一下出生不久的小竹鼠，顺便看一下小白和西西瓜瓜,38077067,06:46
11011,3843951,华农兄弟：在路边捡到一只兔子，挺可爱的，放到竹鼠池里养着,37868494,04:09
5438,2675731,华农兄弟：再去另一个兄弟家，看一下他家的公鼠够不够,66307713,03:44
5162,2677073,华农兄弟：天气热，狗狗喜欢趴在地上，看起来很悠哉,66243048,06:19
11861,4414383,华农兄弟：兄弟来我家，看他最近胖了，烤健身鸡给他吃,65859494,12:40
6251,2853738,华农兄弟：砍点芒杆叶来做小吃，蒸出软软的，还可以哟,64493718,08:23
5196,3325488,华农兄弟：把池子里的水抽干，看下还有多少鱼，顺便搞几条来烤,64371596,06:31
5521,3091427,华农兄弟：兄弟要去四川，刚好让他带2只漂亮的竹鼠给王刚,64175984,04:43
6058,2982399,华农兄弟：去河里捡了点田螺，用山泉水养了几天，炒出来味道还不错,64019582,06:12
509,351374,华农兄弟：骑摩托车上山砍竹子，刚砍完就下起了大雨,30997992,02:41
827,655602,华农兄弟：养竹鼠多久搞一次卫生？看了这个视频你就知道了,30997802,03:13
1273,699735,华农兄弟：狗狗生了5只小狗，小伙拿手上看了看，都很漂亮,30986566,02:38
2302,1792344,华农兄弟：摘一点野果来吃，发现地上长了个像鸡蛋的东西,30930383,02:56
1788,1738246,华农兄弟：这里的竹笋多到没人要，想吃随便掰，小伙半小时就掰了一大堆,30928430,02:24
563,443446,华农兄弟：养殖竹鼠如何选场地？养了1000多只竹鼠的小伙告诉你,30928237,02:45
1157,505327,华农兄弟：又到竹鼠繁殖的季节，检查一下有多少母鼠怀孕的,30911196,03:44
8172,3311451,华农兄弟：堵水抓鱼，看到洞里好多鱼，爬进去抓到不少哦,32854195,03:37
11660,8248598,华农兄弟：这只竹鼠长得太丑了，卖不出去，只好拿去河边炖了,32778818,04:10
6583,3914386,华农兄弟：5只小狗狗会走路了，摸起来毛茸茸的，很好玩,32699732,03:04
4127,1367750,华农兄弟：上山摘野生茶果，一上午摘了六七十斤，收获还可以,32531620,02:36
4980,1711983,华农兄弟：这群竹鼠啃起竹子来，整个房间都咔啦咔啦响,32409456,02:21
8814,3790147,华农兄弟：给小白穿上女装后，更漂亮了,32237033,01:00
10403,3262095,华农兄弟：外出一趟回来，竹鼠不仅长肥了，也更喜欢吃竹子了,32115978,03:33
16940,12393435,华农兄弟：这只竹鼠不喜欢吃竹子，没办法，只好拿去河边烤了,31991665,05:56
3659,3516007,华农兄弟：搞了一盆兄弟家的小龙虾，直接油炸，很美味哦,55326863,04:22
5407,2762017,华农兄弟：带这两只白竹鼠到沙子上玩一下，给它们降降温,55138897,06:30
4851,2243411,华农兄弟：兄弟赞助了一台抽水机，去他家池塘试一下效果,54995392,05:02
7067,2448690,华农兄弟：兄弟家山上的杨梅熟了，叫兄弟帮忙抬个小箩筐去摘,54838700,08:11
2633,1515205,华农兄弟：去兄弟家看一下送他的小母狗，看它过得怎么样,54834530,03:17
9262,2187497,华农兄弟：兄弟提了个笼子过来，想要我们家的小母狗，送一只给他,54341458,03:25
5315,3471848,华农兄弟：烤兄弟家的小龙虾，美滋滋，很漂亮，很好吃,53847211,06:57
5689,2598474,华农兄弟：发大水冲出一个水潭，跟兄弟一起把水弄干抓鱼,53624176,10:31
3504,1283494,华农兄弟：称一下小白和西西瓜瓜多重？再选一只全场最肥的竹鼠！,44969775,04:25
9624,5740035,华农兄弟：这只竹鼠影响其它竹鼠睡觉，只好把它先煎后蒸再煮,44484063,09:54
6273,2882597,华农兄弟：兄弟大姨妈来了，叫我们抓3只竹鼠给他大姨妈补一补,44343807,04:19
4117,1587368,华农兄弟：给兔子换一个新窝，再去兄弟家摘点菜叶子给它们吃,44196074,03:31
4362,1310995,华农兄弟：过了个年，竹鼠又胖了，拿在手上肥嘟嘟的,43986489,04:36
11254,2655174,华农兄弟：手工制作江西特产烫皮，工序复杂了点，但做出来很好吃,43459230,09:10
6590,2636976,华农兄弟：过年了，烧点水，叫兄弟帮忙一起宰猪过年,84706696,04:29
11743,2564807,华农兄弟：今天天气不错，上山摘点野果来吃，一树都是,84461501,06:24
9425,2267628,华农兄弟：第一届”鼠来宝“赛跑大赛开赛了，快来PICK你的幸运萌鼠,84042863,06:27
13723,4322869,华农兄弟：快过年了，给村里的老人做个美味的年夜饭,83743079,15:33
3561,1794973,华农兄弟：看下小黑生的小肥狗，再去看下另一只母猪生的小猪崽,83474801,06:49
3852,2117793,华农兄弟：看一下兄弟家的蜂蜜，顺便搞点来尝一下，很香很甜哦,83282781,07:59
4670,1498295,华农兄弟：去兄弟家抓公鼠，差一点被他家的母鸡啄,37698794,04:23
9063,3308342,华农兄弟：这只竹鼠不好好睡觉，导致毛色发黄，不如把它红烧了,37489006,05:38
7539,2921233,华农兄弟：路过兄弟家的红薯地，挖几个去烤，他应该不会骂我的,37277997,04:44
4637,1715043,华农兄弟：再来看一下兄弟家养的狗和竹鼠，顺便尝一下他种的甘蔗,37180853,03:10
5798,1480921,华农兄弟：外出几天回来，有不少竹鼠怀孕了，西西和瓜瓜也胖了,37108753,03:22
9730,8766132,华农兄弟：这只香猪老喜欢打架，这样下去不行的，只好把它烤了,36452447,04:36
6848,3886632,华农兄弟：今年双十一，我们家竹鼠们收到了一份神秘大礼，小白高兴极了,35807770,05:10
10147,5745937,华农兄弟：兄弟家这只猪发烧，估计没救了，我们只好帮他烤了,63881468,09:59
8436,3162814,华农兄弟：兄弟带我们抓了一点蝗虫，油炸一下，真的很好吃,63725667,03:49
8822,5228823,华农兄弟：兄弟家这只鸡瘸了，这样下去不行的，帮他拿去河边烤了,63599284,06:28
4718,2777785,华农兄弟：兄弟邀请我们去他家玩，他家小黑狗见到我们很激动,63434916,03:18
5816,3175999,华农兄弟：看一下奶奶种的南瓜，顺便摘几个兄弟家的梨来吃,63221412,03:41
7481,2643451,华农兄弟：村里的蕉芋花开了，摘点来尝一下，顺便摘点送给老婆,62695288,03:19
888,491239,华农兄弟：背回来一捆几十斤的竹子，还不够这群竹鼠一天吃,30861355,04:00
1550,1187417,华农兄弟：摘一点枇杷果来吃，一树都是，半个小时就摘了20多斤,30860795,03:06
743,599432,华农兄弟：天气热，竹鼠不怎么喜欢吃竹子，砍点芒杆来喂它们,30851861,04:13
1470,3039983,华农兄弟：螃蟹这样整整齐齐烤出来，色香味俱全，吃起来嘎嘣脆,30847095,03:38
1394,2096613,华农兄弟：喂竹鼠，发现跑了1只，找半天，原来躲在这里,30831761,02:51
698,972004,华农兄弟：本来打算放地笼装螃蟹，结果发现还是钓螃蟹比较快,30829189,03:00
1040,1864419,华农兄弟：用石头烤肉，烤出来外焦里嫩有嚼劲，很好吃哦,30773930,02:40
750,622145,华农兄弟：摘一点野生金银花来泡茶，第一次没摘到多少，第二次摘到手软,30772359,03:31
1590,870754,华农兄弟：摘点野果串起来吃，不仅看起来很漂亮，吃起来也更有味道,30768578,02:36
7710,2507779,华农兄弟：狗狗成长记，小时候肥嘟嘟的，捏起来软绵绵的,31720939,04:14
6631,1507260,华农兄弟：去山上摘棯子，又香又甜，忍不住边摘边吃,31663669,03:26
5480,2314711,华农兄弟：给竹鼠池消一下毒，顺便把小白提出来，让它活动一下,31608912,04:43
3594,1809568,华农兄弟：给小香猪洗澡，一不留神就跑了，费了好大劲才抓到,31553470,03:20
3432,1210855,华农兄弟：时隔七八天，小狗狗长胖了，肥嘟嘟的，很可爱,31435619,02:58
3191,1932213,华农兄弟：给竹鼠搞卫生，又发现1条蜈蚣，直接抓去跟上1条团聚,31352992,03:48
4834,3110272,华农兄弟：怎么办？最近找不到理由吃竹鼠了，苦恼！,31275518,00:17
1521,2106543,华农兄弟：兄弟3人带着2只小狗狗去河边野炊，这煮羊肉，烤羊肉，看起很美味哦,30559310,04:25
1409,1378344,华农兄弟：100多亩西兰花为什么全部荒在田里面？看了这个视频你就知道了,30558547,01:51
1345,859333,华农兄弟：装上抽风机后，竹鼠吃得更多了，长得也更肥了,30472260,03:30
1648,1385382,华农兄弟：带狗子去小村庄玩，看它们跑到田里，玩得都不想走了,30430636,02:01
1667,2049705,华农兄弟：挖了一点五指毛桃，拿去河边煲鸡汤，很香很好吃哦,30429061,03:01
2726,2607003,华农兄弟：这只白白胖胖的竹鼠睡的像猪一样，小伙用力摇它都不想起来,30402495,02:50
686,987507,华农兄弟：这种山货看起来很普通，但却要几百块钱一斤,30395577,02:00
1056,1250457,华农兄弟：打开洒水管，室温降低后，竹鼠睡的像猪一样，还以为它中暑了,30335122,03:00
2257,1784288,华农兄弟：给狗子做窝，发现1只老鼠，翻箱倒柜后，终于被狗子抓住了,30334396,02:49
5211,2146572,华农兄弟：小狗长大了不少，在场里到处乱跑，抓它们来调教一下,53447949,05:09
7205,2750007,华农兄弟：晚上去田里夹黄鳝，收获还可以，还夹到一条蛇,52747883,05:05
6460,2954998,华农兄弟：突然想吃粽子，摘点粽叶，抓只竹鼠，包竹鼠味的粽子,52562725,11:26
4135,1971075,华农兄弟：看一下母鸡孵出来的小鸡，顺便捡到几个鸡蛋,51993240,05:13
4953,1775539,华农兄弟：很久没看竹鼠小粉，发现它慢慢变黑了,51796387,03:17
9187,3163434,华农兄弟：挖点兄弟家的竹笋，晒干后，叫上兄弟去小河边炖竹鼠,51339808,13:13
5062,1930215,华农兄弟：看一下小胖猪跟小肥狗，一下没注意，又胖了不少,51317649,07:20
8750,3460773,华农兄弟：池子里的鱼太多了，钓一些来煮汤，味道很不错,50975882,10:13
8632,4471820,华农兄弟：为什么我们不在网上卖竹鼠？跟大家说明一下原因,43062676,02:30
6904,2792554,华农兄弟：去兄弟家看一下有什么好吃的，顺便看一下忧郁的小黑狗,42813841,03:47
8948,3330363,华农兄弟：快过年了，听说兄弟家的香猪养得很漂亮了，抓一只来吃,42546083,05:09
3304,1274412,华农兄弟：去兄弟家抓竹鼠，有一只超凶，费了好大的功夫才抓出来,42516994,03:54
1321,475482,华农兄弟：努力就会有回报，2019年我们会继续向前,42577270,02:59
7497,3457243,华农兄弟：去兄弟家的池塘网点鱼来吃，来回的路上有不少山货,42446983,12:53
991,577575,华农兄弟：过年了，竹鼠也有过年必做的10件事情,42271628,00:40
2791,656102,华农兄弟：快过年了，给我们家竹鼠发些竹子红包，看谁这么幸运？,42230085,03:27
5048,3003734,华农兄弟：挖到2个大竹笋，庆祝一下，抓只兄弟家的鸭来炖,82943439,16:09
7588,2757193,华农兄弟：场里的鱼长肥了，钓条来吃，顺便给老弟做点米酒,82729725,15:13
4305,2481612,华农兄弟：带大家看一下花鼠，顺便看一下它的崽，很漂亮哦,82079874,06:33
8093,3913078,华农兄弟：昨晚有只竹鼠“托梦”给我，想吃竹笋，去挖个来炖它,81033483,10:36
3584,2339881,华农兄弟：上山砍点竹子，顺便挖几个竹笋回去炒腊肉，很好吃哦,80509568,20:27
3086,2245317,华农兄弟：天冷，看一下竹鼠有没有感冒，顺便丢点稻草给猪做窝,80097816,10:39
3010,2287210,华农兄弟：喂点网友送的猪饲料给小猪吃，顺便捉只猪崽玩一下,79983573,03:22
5014,2722278,华农兄弟：摘点大叔家的香菇，捉2只兄弟家的小鸡，做小鸡炖蘑菇,79546672,08:13
4824,1601938,华农兄弟：再去兄弟家抓点竹鼠，顺便抓了2只小白回来,35776406,03:46
4860,1441209,华农兄弟：上山捡野生小板栗，掉的一地都是，多到捡不过来,35691178,04:00
7331,3297981,华农兄弟：把抓回来的葛根虫，串起来烤，烤得口水都流出来了,35437765,06:33
4504,1936648,华农兄弟：养了快三个月的猪跟鸡，抓来称一下，看有多重,35369244,03:53
7194,4695384,华农兄弟：这只竹鼠好像抽筋了，可能会瘸掉，不如拿去河边烤了,35072890,04:24
6682,1968940,华农兄弟：亲戚家办酒席，想买竹鼠，刚好准备把这5只卖掉,34737154,02:51
3867,1378447,华农兄弟：天气变冷了，给竹鼠加点稻草，让它们做窝,34641663,03:07
8115,2778905,华农兄弟：上山摘野果，一摘100多斤，摘得中午饭都没吃,34248819,08:00
4532,2972035,华农兄弟：去河里捞了几条鱼，放点配料烤一烤，很香哦,62700796,08:59
9032,3453106,华农兄弟：挖了点五指毛桃，拿去河边炖鸡，结果全都淋成落汤鸡,62530824,12:04
5840,2174718,华农兄弟：母鸡孵出3只小鸡，我搞点米来喂一下它们,62240938,03:02
3783,2204780,华农兄弟：很多粉丝问竹鼠小粉去哪里了？带大家去看一下它,62120539,03:19
7982,2802636,华农兄弟：去砍点象草，顺便摘一个兄弟家的西瓜来尝一下,61373462,05:14
6786,3222959,华农兄弟：这个竹鼠光吃不长肉，这样下去不行的，拿去河边烤了,61000067,06:58
5370,2204199,华农兄弟：应粉丝要求拍一期幕后花絮，刚好新加坡电视台来采访,60889308,02:10
9248,5297090,华农兄弟：这个竹鼠中暑了，抢救后还是不行，只好拿去河边烤了,59877478,07:46
438,276278,华农兄弟：怎么预防竹鼠拉肚子？听听养了多年竹鼠的农村小伙怎么说,30767671,03:14
2377,3865522,华农兄弟：给竹鼠喂完竹子后，捉起一只肥肥的白竹鼠玩了一下,30766900,02:44
1100,1080899,华农兄弟：养得这群竹鼠中，就这只肚子最大，跟“球”一样,30740725,02:35
2359,2977059,华农兄弟：去看下兄弟家散养的香猪，捉来做烤乳猪，应该很好吃,30715371,04:00
753,745580,华农兄弟：竹鼠不仅吃竹子，还会吃木头，吃起木头来唰唰个不停,30658448,02:28
5104,6064474,华农兄弟：这只鸡淋了雨，可能会生病，只好把它烤了,30639265,03:22
1623,1518607,华农兄弟：看了一下兄弟家养的竹鼠，肥的像小猪一样，红烧应该好吃,30576043,02:54
704,458136,华农兄弟：开摩托车上山拉竹子，4根竹子拉着就跑，省时又省力,30565002,03:01
2476,1756974,华农兄弟：捡了点这种石头，涂点牙膏刷一刷，晶莹剔透,31247805,01:14
1431,1434532,华农兄弟：去种象草，2只小肥狗一路围观，又不帮忙,31247978,02:37
1679,1828771,华农兄弟：天气热，给狗狗洗一下澡，刚洗完它们就跑去河边吃起草来,31243374,01:38
2442,1549857,华农兄弟：摘一点艾草来做糍粑，吃起来外酥里嫩，有一种淡淡的香味,31238086,03:43
1634,1108014,华农兄弟：刚下完雨，兄弟俩就去山上砍竹子，不然竹鼠就断粮了,31228948,03:14
3257,1265607,华农兄弟：带大家看下我们租的场地，准备扩大竹鼠养殖规模,31178471,04:18
2985,4199154,华农兄弟：这池子里的鱼太多了，不要那么多，先捞一条油炸,31170093,02:45
1945,1344749,华农兄弟：天气热，竹鼠不怎么喜欢吃竹子，小伙去田里砍了些象草回来喂它们,31156975,05:01
1359,1276055,华农兄弟：最近吃竹鼠上火了，摘一点木槿花来吃，降降火,30316810,03:01
949,833161,华农兄弟：给竹鼠喂竹子，发现有1只挖了个洞“越狱”跑了,30304934,02:01
937,1394708,华农兄弟：去池塘放水抓鱼，抓到不少，有几条蛇头鱼,30308707,04:12
1541,2346586,华农兄弟：竹鼠房跑进来1条蜈蚣，太吓人了，只好拿去泡酒,30309339,02:02
931,1356980,华农兄弟：这群小狗狗刚学会走路，就到处乱跑，小伙都有点招架不住了,30306331,01:24
1088,2453458,华农兄弟：在山沟里捕获不少螃蟹，煮了一半，烤了一半，味道还可以,30264449,03:43
1273,2085752,华农兄弟：这12只出生20多天的中华田园犬，摸起来肥嘟嘟的，挺可爱的,30247126,01:42
489,717462,华农兄弟：家里2条狗狗，同一晚各生了6只小狗，刚出生挺可爱的,30247065,01:31
5305,2129580,华农兄弟：出生20多天的小狗会走了，肥嘟嘟的，带它们晒晒太阳,50874970,06:20
3922,2016643,华农兄弟：摘了点野芹菜，放点油盐一炒，味道还可以,50722048,04:59
6211,2511875,华农兄弟：掰点兄弟家的小竹笋跟猪肉一起炒，味道好极了,50279147,09:13
5035,1807450,华农兄弟：山上的萢子熟了，又大又红，摘点串起来吃,50070850,04:17
4065,1593643,华农兄弟：竹鼠日常检查，看下有没有打架，受伤，忧郁的,49889246,05:17
5511,2397900,华农兄弟：兄弟不在家，摘点他家的茶叶，炒干泡茶喝,49678712,05:28
4637,3144822,华农兄弟：又到了吃虫子的季节，放点孜然烤一烤，又香又脆，很美味哦,79234190,09:38
5606,2053470,华农兄弟：把兄弟送的红鲤鱼放池子里养着，再去摘点他家的柿子来吃,79121859,08:29
5031,2780297,华农兄弟：抬了个兄弟家的烤炉回来，顺便再去抓只兄弟家的鸡来烤,78762721,08:23
3178,2412038,华农兄弟：小狗崽和小猪崽长肥了不少，看起来圆溜溜，胖墩墩的,78662262,07:19
4469,2569395,华农兄弟：最近天气干燥，摄影小哥又上火了，挖点葛根来炖竹鼠,78411905,07:10
4212,2610310,华农兄弟：抓了只鸡，刚好兄弟来了，一起烤鸡，顺便再烤点排骨,78280301,12:24
8743,5166962,华农兄弟：猪吃酒糟醉了，叫兄弟帮忙一起宰猪，烤起来很香哦,77360276,07:55
6603,2434049,华农兄弟：狗子又下崽了，带大家看一下，顺便给香猪喂一点酒糟,77256175,12:05
4335,2441876,华农兄弟：一年又快过去了，兄弟家野池塘的鱼也长大了，网点来煎,77071016,14:19
837,910630,华农兄弟：去小山沟里放竹笼，装到不少螃蟹，收获还可以哦,30120618,03:58
3568,2955054,华农兄弟：1000多块钱1斤的红菇，去大山里摘了1天，摘到好几斤,30119039,05:57
3976,4313138,华农兄弟：这只竹鼠打架受内伤，没办法，只好把它煮了，味道鲜嫩可口,30087657,05:08
2583,2398182,华农兄弟：这只竹鼠打架受了重伤，没办法，只好把它烤了,30085242,03:46
10920,6182441,华农兄弟：兄弟送来一只鸽子，整天不吃不喝，只好把它烤了,59252494,11:28
3394,2302958,华农兄弟：西西下崽了，给小白看一下，顺便检查一下黑竹鼠,58588771,06:33
6453,3171518,华农兄弟：好不容易抓到一只笋虫，刚炸好准备吃，结果被狗吃了,58087178,05:43
17657,2485427,华农兄弟：再来征集一下狗子的名字，上次网友取得名字太不正经了,57784220,05:02
5476,2628502,华农兄弟：给猪喂点青菜，顺便抽一下公猪，不然老是带坏小猪,57597322,03:25
478,901917,华农兄弟：去大山里采摘椴木香菇，虽然产量不高，但味道很鲜美,30246702,02:45
1808,2515361,华农兄弟：这种虫子串起来烤，太美味了，鸡肉味嘎嘣脆,30216252,02:28
1037,1246508,华农兄弟：这群“小肥仔”啃起竹子来，唰唰响，这牙齿也是没谁了,30209344,03:53
1161,1209585,华农兄弟：这群肥嘟嘟的竹鼠，叫声像“小孩子”一样,30204534,03:16
1501,1612219,华农兄弟：这棵6米左右高的仙人掌，结出来的果子味道还不错,30176785,03:40
1089,1246182,华农兄弟：农村最好种的山货之一，扔土里不用管，冬天一挖一大把,30160328,03:32
1035,910980,华农兄弟：去大山摘一点野果来吃，看看有没有你没吃过的,30160190,04:33
3395,4353657,华农兄弟：这只竹鼠食量太大，一天要吃三毛钱，没办法，只好拿去河边烤了,30136865,04:45
4365,2110044,华农兄弟：把全部猪放出来散养，摸一下大公猪，它竟然想咬我,76676645,02:51
3944,2009439,华农兄弟：参加赣南脐橙采摘比赛，拿了个第一，顺便去天龙山玩了一下,76563332,06:28
1784,2253945,华农兄弟：这只竹鼠3天都不吃东西，小伙只能把它红烧了,30136174,04:25
1830,1959079,华农兄弟：这只竹鼠好像中暑了，没办法，只好拿到河边炖了,30135458,05:17
877,1412797,华农兄弟：这只竹鼠打架多处受伤了，可能没救了，只好把它做成叫花鼠,30127246,03:59
1845,3422362,华农兄弟：打下来一个黄蜂窝，生吃了2只蜂蛹，把其它的油炸了,30123120,04:03
600,898176,华农兄弟：竹鼠中暑有什么症状？如何预防和救治？看了这个视频你就知道了,30121591,02:47
